email,password,first_name,last_name,age
hcarrivick0@cbc.ca,dI216cVNpz0REy,Howey,Carrivick,23
lshevels1@themeforest.net,bV585fMi&w50//7M,Lizzie,Shevels,22
lwethey2@geocities.com,lE844h@D}{`O7Om,Lemar,Wethey,49
ctrusse3@tumblr.com,dN427y|#H,Cris,Trusse,17
spaddemore4@google.com.au,"rG484m{'gb""dML'p",Say,Paddemore,50
bdorbon5@ovh.net,tZ045?iBlc=)~,Blanche,Dorbon,43
gcogar6@biglobe.ne.jp,aZ362&D+jFdwq3,Grethel,Cogar,27
bvillaret7@techcrunch.com,"vG780h%R,8G",Bronny,Villaret,47
sstroban8@latimes.com,tM469=#M2/,Stace,Stroban,31
jdantonio9@npr.org,rU618K3Qc/j!72,Junette,D'Antonio,51
ischutzea@cornell.edu,mO894S<izsYmuSw,Iolande,Schutze,33
nbudcockb@springer.com,nB251mw24qx>P5qw,Nellie,Budcock,52
paneleyc@t.co,bS698FuQ16`H$2U,Paule,Aneley,23
gculveyd@dyndns.org,hC135u}}6mthW,Gannie,Culvey,24
nreynishe@xinhuanet.com,fZ080/Js,Nadiya,Reynish,47
seshelbyf@flavors.me,tP368\awvaMKW0,Starlene,Eshelby,40
msudddardg@ning.com,pX151&1A>/V?M,Merrie,Sudddard,57
bclaybourneh@indiatimes.com,mP681&Y(,Bret,Claybourne,16
jmaynei@cnet.com,cF783&Yy,Javier,Mayne,32
qhobbemaj@fotki.com,fQ967ekcUib0R,Quinton,Hobbema,54
emetsonk@miitbeian.gov.cn,"qU344eL,",Ernst,Metson,51
gspurdenl@usda.gov,eK833EC7QiZ,Graig,Spurden,56
msaltmarshem@delicious.com,aN409c#S,Moira,Saltmarshe,60
idanihelkan@prlog.org,dP133H<`OWsa`,Idaline,Danihelka,45
cteffto@wisc.edu,eB980?ts=>,Clemmie,Tefft,14
rmagerp@g.co,tQ628jjsP,Rudolfo,Mager,56
bvenneyq@statcounter.com,iP724jwIYW(>',Baryram,Venney,22
aarnoldsr@wordpress.com,nN616)C*zwt,Alasdair,Arnolds,34
aconnops@mac.com,aM723OB6W8_99j_,Aurea,Connop,52
dtopleyt@cocolog-nifty.com,aJ580Nd3,Durante,Topley,15
